material,family,form,E1_Msi,E1_table,E1_pdf_page,E1_basis,E2_Msi,E2_table,E2_pdf_page,E2_basis,G12_Msi,G12_table,G12_pdf_page,G12_basis,nu12,nu12_table,nu12_pdf_page,nu12_basis,Xt_ksi,Xt_table,Xt_pdf_page,Xt_basis,Xt_Bvalue_ksi,Xc_ksi,Xc_table,Xc_pdf_page,Xc_basis,Xc_Bvalue_ksi,Yt_ksi,Yt_table,Yt_pdf_page,Yt_basis,Yt_Bvalue_ksi,Yc_ksi,Yc_table,Yc_pdf_page,Yc_basis,Yc_Bvalue_ksi,S_ksi,S_table,S_pdf_page,S_basis,S_Bvalue_ksi,density_g_cm3,ply_thickness_in,fiber_volume_pct,normalized_by,test_temp_F,moisture,header_table,cpt_source
T-500 12k/976 unidirectional tape,carbon/epoxy,unidirectional tape,21.9,4.2.1(a),75,"normalized mean, Interim, n=15",1.3,4.2.1(b),76,"measured mean, Interim, n=15",,,,,,,,,295,4.2.1(a),75,"normalized mean, Interim, n=15",,,,,,,10.2,4.2.1(b),76,"measured mean, Interim, n=15",,,,,,,,,,,,,0.0052,59-64,Specimen thickness and batch fiber volume to 60% fiber volume (0.0052 in. CPT),75,ambient,4.2.1(a),cured ply thickness the values are normalised to
HITEX 33 6k/E7K8 unidirectional tape,carbon/epoxy,unidirectional tape,18.2,4.2.2(a),80,"normalized mean, Screening, n=18",1.25,4.2.2(c),82,"measured mean, Screening, n=20",,,,,,,,,313,4.2.2(a),80,"normalized mean, Screening, n=20",,209,4.2.2(d),83,"normalized mean, Screening, n=20",,6.90,4.2.2(c),82,"measured mean, Screening, n=20",,,,,,,15.0,4.2.2(f),85,"measured mean, Screening, n=20",,1.58,0.0057,58,Fiber volume to 60% (0.0057 in. CPT),75,ambient,4.2.2(a),PLY THICKNESS in the table heading
AS4 12k/E7K8 unidirectional tape,carbon/epoxy,unidirectional tape,19.3,4.2.3(a),89,"normalized mean, Screening, n=20",1.23,4.2.3(c),91,"measured mean, Screening, n=20",,,,,,,,,303,4.2.3(a),89,"normalized mean, Screening, n=20",,245,4.2.3(d),92,"normalized mean, Screening, n=20",,5.47,4.2.3(c),91,"measured mean, Screening, n=20",,,,,,,16.5,4.2.3(f),94,"measured mean, Screening, n=20",,,0.0054,53-60,Fiber volume to 60% (0.0054 in. CPT),75,ambient,4.2.3(a),PLY THICKNESS in the table heading
Celion 12k/E7K8 unidirectional tape,carbon/epoxy,unidirectional tape,20.0,4.2.4(a),98,"normalized mean, Screening, n=20",1.28,4.2.4(c),100,"measured mean, Screening, n=20",,,,,,,,,293,4.2.4(a),98,"normalized mean, Screening, n=20",,206,4.2.4(d),101,"normalized mean, Screening, n=20",,6.00,4.2.4(c),100,"measured mean, Screening, n=20",,,,,,,9.9,4.2.4(f),103,"measured mean, Screening, n=20",,1.61,0.011,63-64,Fiber volume to 60% (0.011 in. CPT),75,ambient,4.2.4(a),PLY THICKNESS in the table heading
AS4 12k/938 unidirectional tape,carbon/epoxy,unidirectional tape,22.4,4.2.5(a),107,"normalized mean, Interim, n=22",,,,,,,,,,,,,314,4.2.5(a),107,"normalized mean, Interim, n=22",,228,4.2.5(c),109,"normalized mean, Interim, n=25",,,,,,,,,,,,,,,,,,0.0053,52-57,Specimen thickness and batch fiber volume to 60% (0.0053 in. CPT),75,ambient,4.2.5(a),cured ply thickness the values are normalised to
Celion 12k/938 unidirectional tape,carbon/epoxy,unidirectional tape,19.7,4.2.7(a),127,"normalized mean, Interim, n=102",1.35,4.2.7(c),129,"measured mean, Interim, n=101",,,,,0.317,4.2.7(a),127,"measured mean, Interim, n=102",273,4.2.7(a),127,"normalized mean, Interim, n=102",,201,4.2.7(d),130,"normalized mean, Interim, n=102",,9.6,4.2.7(c),129,"measured mean, Interim, n=101",,,,,,,14,4.2.7(f),132,"measured mean, Interim, n=102",,,0.0053,56-65,Fiber volume to 60% (0.0053 in. CPT),75,ambient,4.2.7(a),cured ply thickness the values are normalised to
AS4 12k/3502 unidirectional tape,carbon/epoxy,unidirectional tape,19.3,4.2.8(a),137,"measured mean, Mean, n=36",1.35,4.2.8(c),139,"measured mean, Mean, n=30",0.543,4.2.8(g),143,"measured mean, Mean, n=33",0.340,4.2.8(h),146,"measured mean, Interim, n=30",258,4.2.8(a),137,"measured mean, B30, n=36",205,204,4.2.8(d),140,"measured mean, B30, n=30",171,7.76,4.2.8(c),139,"measured mean, B30, n=30",6.28,34.6,4.2.8(f),142,"measured mean, B30, n=30",26.6,14.8,4.2.8(g),143,"measured mean, B30, n=36",13.4,,,59-61,Specimen thickness and batch fiber volume to 60% (0.0055 in. CPT),75,ambient,4.2.8(a),
Celion 3000/E7K8 plain weave fabric,carbon/epoxy,plain weave fabric,9.67,4.2.9(a),152,"normalized mean, Screening, n=20",9.50,4.2.9(e),156,"normalized mean, Screening, n=20",,,,,,,,,132,4.2.9(a),152,"normalized mean, Screening, n=20",,104,4.2.9(g),158,"normalized mean, Screening, n=20",,128,4.2.9(e),156,"normalized mean, Screening, n=20",,,,,,,,,,,,1.55,0.0075,55-56,Specimen thickness and batch fiber volume to 57% (0.0075 in. CPT),75,ambient,4.2.9(a),cured ply thickness the values are normalised to
AS4/3501-6 (bleed) unidirectional tape,carbon/epoxy,unidirectional tape,19.6,4.2.12(a),184,"normalized mean, Interim, n=21",1.48,4.2.12(b),185,"measured mean, Screening, n=6",,,,,,,,,291,4.2.12(a),184,"normalized mean, Interim, n=21",,210,4.2.12(c),186,"normalized mean, Interim, n=26",,7.78,4.2.12(b),185,"measured mean, Screening, n=6",,,,,,,,,,,,1.56,0.0053,58-65,Specimen thickness and batch fiber volume to 60% (0.0053 in. CPT),75,ambient,4.2.12(a),cured ply thickness the values are normalised to
AS4/3501-6 (no bleed) unidirectional tape,carbon/epoxy,unidirectional tape,18.9,4.2.13(a),194,"normalized mean, Interim, n=30",1.2,4.2.13(b),195,"measured mean, Screening, n=9",,,,,,,,,290,4.2.13(a),194,"normalized mean, Interim, n=30",,233,4.2.13(c),196,"normalized mean, Interim, n=30",,8.0,4.2.13(b),195,"measured mean, Screening, n=9",,,,,,,,,,,,,0.0053,52-56,Specimen thickness and batch fiber volume to 60% (0.0053 in. CPT),75,ambient,4.2.13(a),cured ply thickness the values are normalised to
AS4 3k/3501-6 plain weave fabric,carbon/epoxy,plain weave fabric,9.8,4.2.14(a),203,"normalized mean, Screening, n=9",,,,,,,,,,,,,124,4.2.14(a),203,"normalized mean, Screening, n=9",,,,,,,,,,,,,,,,,,,,,,1.56,0.0074,53-54,Specimen thickness and batch fiber volume to 57% (0.0074 in. CPT),75,ambient,4.2.14(a),cured ply thickness the values are normalised to
AS4 3k/3501-6S 5-harness satin weave fabric,carbon/epoxy,5-harness satin weave fabric,9.73,4.2.15(a),212,"normalized mean, Interim, n=30",,,,,,,,,,,,,112,4.2.15(a),212,"normalized mean, Interim, n=30",,124,4.2.15(b),213,"normalized mean, Interim, n=30",,,,,,,,,,,,,,,,,,0.0107,57-60,Specimen thickness and batch fiber volume to 57% (0.0107 in. CPT),75,ambient,4.2.15(a),cured ply thickness the values are normalised to
AS4 6k/3502 5-harness satin weave fabric,carbon/epoxy,5-harness satin weave fabric,9.61,4.2.16(a),218,"measured mean, Mean, n=30",,,,,0.514,4.2.16(e),222,"measured mean, Mean, n=36",,,,,114,4.2.16(a),218,"measured mean, B30, n=30",91.9,104,4.2.16(c),220,"measured mean, B30, n=30",83.7,,,,,,,,,,,12.6,4.2.16(e),222,"measured mean, B30, n=36",10.1,,,56-57,Fiber volume to 57% (0.0145 in. CPT),75,ambient,4.2.16(a),
T300 15k/976 unidirectional tape,carbon/epoxy,unidirectional tape,19.6,4.2.17(a),226,"normalized mean, Screening, n=5",1.34,4.2.17(c),228,"measured mean, Screening, n=5",0.91,4.2.17(g),232,"measured mean, Screening, n=5",0.318,4.2.17(a),226,"measured mean, Screening, n=5",211,4.2.17(a),226,"normalized mean, Screening, n=5",,188,4.2.17(d),229,"normalized mean, Screening, n=5",,5.66,4.2.17(c),228,"measured mean, Screening, n=5",,30.0,4.2.17(f),231,"measured mean, Screening, n=5",,11.1,4.2.17(g),232,"measured mean, Screening, n=5",,1.60,0.0053,59,Fiber volume to 60% (0.0053 in. CPT),72,ambient,4.2.17(a),PLY THICKNESS in the table heading
AS4 3k/3501-6 (Bleed) 5-harness satin weave fabric,carbon/epoxy,5-harness satin weave fabric,9.83,4.2.19(a),238,"normalized mean, Screening, n=9",,,,,,,,,,,,,108,4.2.19(a),238,"normalized mean, Screening, n=9",,106,4.2.19(b),239,"normalized mean, Screening, n=13",,,,,,,,,,,,,,,,,1.61,0.019,,Specimen thickness and batch fiber volume to 57% (0.019 in. CPT),75,ambient,4.2.19(a),cured ply thickness the values are normalised to
AS4 3k/3501-6 (No Bleed) 5-harness satin weave fabric,carbon/epoxy,5-harness satin weave fabric,9.67,4.2.20(a),247,"normalized mean, Screening, n=9",,,,,,,,,,,,,134,4.2.20(a),247,"normalized mean, Screening, n=9",,129,4.2.20(b),248,"normalized mean, Interim, n=15",,,,,,,,,,,,,,,,,,0.011,,Specimen thickness and batch fiber volume to 57% (0.011 in. CPT),75,ambient,4.2.20(a),cured ply thickness the values are normalised to
AS4 6k/PR 500 RTM 5-harness satin weave fabric,carbon/epoxy,5-harness satin weave fabric,9.54,4.2.26(a),256,"normalized mean, Interim, n=15",,,,,0.639,4.2.26(g),262,"measured mean, Interim, n=16",,,,,115,4.2.26(a),256,"normalized mean, Interim, n=17",,,,,,,,,,,,,,,,,14.8,4.2.26(g),262,"measured mean, Interim, n=16",,,0.0145,,Specimen thickness and batch fiber areal weight to 57% fiber volume (0.0145 in. CPT),72,ambient,4.2.26(a),cured ply thickness the values are normalised to
T300 3k/EA 9396 8-harness satin weave fabric,carbon/epoxy,8-harness satin weave fabric,9.17,4.2.27(a),279,"normalized mean, Interim, n=15",9.10,4.2.27(b),280,"normalized mean, Screening, n=14",0.634,4.2.27(g),285,"measured mean, Interim, n=15",0.0587,4.2.27(a),279,"measured mean, Screening, n=7",88.3,4.2.27(a),279,"normalized mean, Interim, n=15",,75.0,4.2.27(d),282,"normalized mean, Screening, n=12",,100,4.2.27(b),280,"normalized mean, Screening, n=14",,63.7,4.2.27(e),283,"normalized mean, Screening, n=14",,12.8,4.2.27(g),285,"measured mean, Interim, n=15",,1.48,0.0142,56.3-57.3,Specimen thickness and areal weight to 57% (0.0142 in. CPT),72,Ambient,4.2.27(a),cured ply thickness the values are normalised to
AS4 12k/997 unidirectional tape,carbon/epoxy,unidirectional tape,19.9,4.2.28(a),289,"normalized mean, Mean, n=30",1.36,4.2.28(b),290,"measured mean, Mean, n=30",,,,,,,,,327,4.2.28(a),289,"normalized mean, B30, n=30",292,229,4.2.28(c),291,"normalized mean, B30, n=30",195,11.3,4.2.28(b),290,"measured mean, B30, n=30",10.1,37.0,4.2.28(d),292,"measured mean, B30, n=30",28.9,,,,,,,0.0056,55.5-64.8,Specimen thickness and fiber areal weight to 60% fiber volume (0.0056 in. CPT),73,ambient,4.2.28(a),cured ply thickness the values are normalised to
T650-35 12k/976 unidirectional tape,carbon/epoxy,unidirectional tape,22.0,4.4.29(a),301,"normalized mean, Mean, n=32",1.30,4.2.29(b),302,"measured mean, Screening, n=9",0.745,4.2.29(d),304,"measured mean, Mean, n=30",,,,,231,4.4.29(a),301,"normalized mean, B30, n=32",202,,,,,,5.71,4.2.29(b),302,"measured mean, B18, n=18",4.42,33.6,4.2.29(c),303,"measured mean, B18, n=18",28.1,14.9,4.2.29(d),304,"measured mean, B30, n=30",8.57,,0.0052,56.9-64.5,Specimen thickness and batch fiber areal weight to 60% fiber volume (0.0052 in. CPT),72,ambient,4.4.29(a),cured ply thickness the values are normalised to
T650-35 3k/976 8-harness satin weave fabric,carbon/epoxy,8-harness satin weave fabric,10.3,4.2.32(a),309,"normalized mean, Mean, n=27",10.7,4.2.32(b),310,"normalized mean, Screening, n=9",,,,,,,,,99.2,4.2.32(a),309,"normalized mean, B30, n=36",82.5,86.2,4.2.32(c),311,"normalized mean, B18, n=18",70.3,106,4.2.32(b),310,"normalized mean, B18, n=18",94.0,90.1,4.2.32(d),312,"normalized mean, B18, n=18",,12.8,4.2.32(e),313,"measured mean, B30, n=30",11.0,,,,Normalized by specimen thickness and batch fiber areal weight to 57% fiber volume (0.0146,72,ambient,4.2.32(a),
T650-35 3k/976 plain weave fabric,carbon/epoxy,plain weave fabric,10.4,4.2.35(a),329,"normalized mean, Screening, n=9",10.0,4.2.35(b),330,"normalized mean, Mean, n=21",0.80,4.2.35(e),333,"measured mean, Mean, n=24",,,,,94.4,4.2.35(a),329,"normalized mean, B18, n=18",79.9,96.7,4.2.35(c),331,"normalized mean, B30, n=36",78.1,93.7,4.2.35(b),330,"normalized mean, B30, n=30",76.4,92.6,4.2.35(d),332,"normalized mean, B18, n=18",,15.0,4.2.35(e),333,"measured mean, B30, n=34",13.0,,0.0076,,Normalized by specimen thickness and batch fiber areal weight to 57%(0.0076 in. CPT),72,ambient,4.2.35(a),cured ply thickness the values are normalised to
T300 3k/F652 8-harness satin weave fabric,carbon/bismaleimide,8-harness satin weave fabric,9.71,4.4.3(a),348,"normalized mean, Screening, n=15",,,,,,,,,,,,,73.6,4.4.3(a),348,"normalized mean, Screening, n=15",,,,,,,,,,,,,,,,,,,,,,1.57,0.012,64.8,Batch fiber volume to 57% (0.012 in. CPT),70,ambient,4.4.3(a),PLY THICKNESS in the table heading
AS4/5250-3 unidirectional tape,carbon/bismaleimide,unidirectional tape,15.9,4.4.4(a),353,"normalized mean, Screening, n=6",1.24,4.4.4(d),356,"measured mean, Screening, n=6",0.77,4.4.4(h),360,"measured mean, Screening, n=6",0.300,4.4.4(a),353,"measured mean, Screening, n=6",252,4.4.4(a),353,"normalized mean, Screening, n=6",,175,4.4.4(e),357,"normalized mean, Screening, n=6",,4.61,4.4.4(d),356,"measured mean, Screening, n=6",,,,,,,9.61,4.4.4(h),360,"measured mean, Screening, n=6",,,0.0055,63-66,Specimen thickness and batch fiber volume to 60% (0.0055 in. CPT),72,ambient,4.4.4(a),cured ply thickness the values are normalised to
Celion 3000/F670 8-harness satin weave fabric,carbon/polyimide,8-harness satin weave fabric,9.03,4.5.1(a),367,"normalized mean, Screening, n=9",8.43,4.5.1(b),368,"normalized mean, Screening, n=9",,,,,,,,,132,4.5.1(a),367,"normalized mean, Screening, n=9",,99.4,4.5.1(c),369,"normalized mean, Screening, n=9",,107,4.5.1(b),368,"normalized mean, Screening, n=9",,78.9,4.5.1(d),370,"normalized mean, Screening, n=3",,,,,,,,0.0147,57-64,Fiber volume to 57% (0.0147 in. CPT),75,ambient,4.5.1(a),cured ply thickness the values are normalised to
IM6 12k/APC-2 unidirectional tape,carbon/PEEK,unidirectional tape,21.6,4.9.1(a),376,"normalized mean, Screening, n=6",1.28,4.9.1(d),379,"measured mean, Screening, n=6",0.78,4.9.1(h),383,"measured mean, Screening, n=6",0.342,4.9.1(a),376,"measured mean, Screening, n=6",350,4.9.1(a),376,"normalized mean, Screening, n=6",,167,4.9.1(e),380,"normalized mean, Screening, n=6",,9.41,4.9.1(d),379,"measured mean, Screening, n=6",,,,,,,23.9,4.9.1(h),383,"measured mean, Screening, n=6",,1.55,0.0055,61-62,Specimen thickness and batch fiber volume to 60% (0.0055 in. CPT),74,ambient,4.9.1(a),cured ply thickness the values are normalised to
M55J 6k/954-3 unidirectional tape,carbon/cyanate ester,unidirectional tape,47.7,4.10.1(a),388,"normalized mean, Mean, n=109",,,,,,,,,,,,,324,4.10.1(a),388,"normalized mean, A55, n=109",,136,4.10.1(b),389,"normalized mean, A55, n=102",,,,,,,,,,,,,,,,,,0.0024,53.1 - 65.4,Specimen thickness and batch fiber areal weight to 60% (0.0024 in. CPT),72,Ambient,4.10.1(a),cured ply thickness the values are normalised to
S2-449 43.5k/SP 381 unidirectional tape,glass/epoxy,unidirectional tape,6.91,6.2.1(a),397,"normalized mean, Mean, n=32",1.93,6.2.1(c),399,"measured mean, Screening, n=10",0.689,6.2.1(f),402,"measured mean, Screening, n=9",,,,,246,6.2.1(a),397,"normalized mean, B30, n=32",198,168,6.2.1(d),400,"normalized mean, Screening, n=20",,9.0,6.2.1(c),399,"measured mean, Screening, n=10",,,,,,,14.3,6.2.1(f),402,"measured mean, Screening, n=10",,,0.0090,47.3-54.7,Specimen thickness and batch fiber areal weight to 50% (0.0090 in. CPT),73,Ambient,6.2.1(a),cured ply thickness the values are normalised to
S2-449 17k/SP 381 unidirectional tape,glass/epoxy,unidirectional tape,6.93,6.2.2(a),411,"normalized mean, Mean, n=21",1.84,6.2.2(c),413,"measured mean, Screening, n=5",0.681,6.2.2(f),416,"measured mean, Screening, n=9",,,,,255,6.2.2(a),411,"normalized mean, B18, n=21",238,172,6.2.2(d),414,"normalized mean, Screening, n=13",,8.7,6.2.2(c),413,"measured mean, Screening, n=5",,,,,,,19.7,6.2.2(f),416,"measured mean, Interim, n=16",,,0.0035,47.6-54.0,Specimen thickness and batch fiber areal weight to 50% (0.0035 in. CPT),73,Ambient,6.2.2(a),cured ply thickness the values are normalised to
E-Glass 7781/EA 9396 8-harness satin weave fabric,glass/epoxy,8-harness satin weave fabric,3.39,6.2.4(a),431,"normalized mean, Interim, n=15",3.41,6.2.4(b),432,"normalized mean, Interim, n=15",0.758,6.2.4(g),437,"measured mean, Interim, n=22",0.115,6.2.4(a),431,"measured mean, Screening, n=6",48.3,6.2.4(a),431,"normalized mean, Interim, n=15",,46.4,6.2.4(d),434,"normalized mean, Interim, n=15",,50.5,6.2.4(b),432,"normalized mean, Interim, n=15",,37.7,6.2.4(e),435,"normalized mean, Interim, n=15",,11.5,6.2.4(g),437,"measured mean, Interim, n=23",,,0.0085,54.1-55.8,Specimen thickness and batch fiber areal weight to 50% fiber volume (0.0085 in. CPT),72,Ambient,6.2.4(a),cured ply thickness the values are normalised to
