name,foil_alloy,table,pdf_page,nominal_density_pcf,cell_size_in,foil_thickness_in,stabilized_compressive_strength_psi,plate_shear_strength_L_psi,plate_shear_strength_W_psi
Al 5052 honeycomb 3/8-0.0007 (1.0 pcf),5052,IV,16,1.0,3/8,0.0007,20,32,20
Al 5052 honeycomb 1/4-0.0007 (1.6 pcf),5052,IV,16,1.6,1/4,0.0007,70,60,32
Al 5052 honeycomb 3/16-0.0007 (2.0 pcf),5052,IV,16,2.0,3/16,0.0007,100,80,46
Al 5052 honeycomb 1/4-0.0010 (2.3 pcf),5052,IV,16,2.3,1/4,0.0010,130,100,57
Al 5052 honeycomb 1/8-0.0007 (3.1 pcf),5052,IV,16,3.1,1/8,0.0007,215,155,90
Al 5052 honeycomb 3/16-0.0010 (3.1 pcf),5052,IV,16,3.1,3/16,0.0010,215,155,90
Al 5052 honeycomb 1/4-0.0015 (3.4 pcf),5052,IV,16,3.4,1/4,0.0015,250,180,105
Al 5052 honeycomb 1/4-0.0020 (4.3 pcf),5052,IV,16,4.3,1/4,0.0020,370,265,155
Al 5052 honeycomb 3/16-0.0015 (4.4 pcf),5052,IV,16,4.4,3/16,0.0015,385,280,160
Al 5052 honeycomb 1/8-0.0010 (4.5 pcf),5052,IV,16,4.5,1/8,0.0010,405,285,168
Al 5052 honeycomb 3/16-0.0020 (5.7 pcf),5052,IV,16,5.7,3/16,0.0020,600,410,244
Al 5052 honeycomb 1/8-0.0015 (6.1 pcf),5052,IV,16,6.1,1/8,0.0015,680,455,272
Al 5052 honeycomb 1/8-0.0020 (8.1 pcf),5052,IV,16,8.1,1/8,0.0020,1100,670,400
Al 5056 honeycomb 1/4-0.0007 (1.6 pcf),5056,V,17,1.6,1/4,0.0007,80,78,38
Al 5056 honeycomb 3/16-0.0007 (2.0 pcf),5056,V,17,2.0,3/16,0.0007,120,105,50
Al 5056 honeycomb 1/4-0.0010 (2.3 pcf),5056,V,17,2.3,1/4,0.0010,155,130,62
Al 5056 honeycomb 1/8-0.0007 (3.1 pcf),5056,V,17,3.1,1/8,0.0007,260,200,110
Al 5056 honeycomb 3/16-0.0010 (3.1 pcf),5056,V,17,3.1,3/16,0.0010,260,200,110
Al 5056 honeycomb 1/4-0.0015 (3.4 pcf),5056,V,17,3.4,1/4,0.0015,315,230,130
Al 5056 honeycomb 1/4-0.0020 (4.3 pcf),5056,V,17,4.3,1/4,0.0020,465,325,190
Al 5056 honeycomb 3/16-0.0015 (4.4 pcf),5056,V,17,4.4,3/16,0.0015,490,340,198
Al 5056 honeycomb 1/8-0.0010 (4.5 pcf),5056,V,17,4.5,1/8,0.0010,500,350,205
Al 5056 honeycomb 3/16-0.0020 (5.7 pcf),5056,V,17,5.7,3/16,0.0020,735,480,280
Al 5056 honeycomb 1/8-0.0015 (6.1 pcf),5056,V,17,6.1,1/8,0.0015,825,525,305
Al 5056 honeycomb 1/8-0.0020 (8.1 pcf),5056,V,17,8.1,1/8,0.0020,1300,740,440
