table,pdf_page,alloy,condition,product_form,orientation,product_thickness_in,sources,sample_size,specimen_thickness_in,KIc_max_ksi_sqrt_in,KIc_avg_ksi_sqrt_in,KIc_min_ksi_sqrt_in,cov_pct,assigned_item
3.1.2.1.6,313,Al 2014,T651,Plate,L-T,≥0.5,1,24,0.5-1.0,25,22,19,8.4,Al 2014-T651 plate
3.1.2.1.6,313,Al 2014,T651,Plate,T-L,≥0.5,2,34,0.5-1.0,23,21,18,6.5,
3.1.2.1.6,313,Al 2014,T652,Hand Forging,L-T,≥0.5,2,15,0.8-2.0,48,31,24,21.8,
3.1.2.1.6,313,Al 2014,T652,Hand Forging,T-L,≥0.8,2,15,0.8-2.0,30,21,18,14.4,
3.1.2.1.6,313,Al 2024,T351,Plate,L-T,≥1.0,2,11,0.8-2.0,43,31,27,16.5,Al 2024-T351 plate
3.1.2.1.6,313,Al 2024,T851,Plate,L-S,1.4-3.0,4,11,0.5-0.8,32,25,20,17.8,
3.1.2.1.6,313,Al 2024,T851,Plate,L-T,≥0.5,11,102,0.4-1.4,32,23,15,10.1,
3.1.2.1.6,313,Al 2024,T851,Plate,T-L,0.4-4.0,9,80,0.4-1.4,25,20,18,8.8,
3.1.2.1.6,313,Al 2024,T852,Forging,T-L,2.0-7.0,3,20,0.7-2.0,25,19,15,15.5,
3.1.2.1.6,313,Al 2024,T852,Hand Forging,L-T,----,4,35,0.8-2.0,38,28,19,18.4,
3.1.2.1.6,313,Al 2024,T852,Hand Forging,T-L,----,2,17,0.7-2.0,22,18,14,14.4,
3.1.2.1.6,313,Al 2124,T851,Plate,L-T,≥0.8,13,497,0.5-2.5,38,29,18,10.4,Al 2124-T851 plate
3.1.2.1.6,313,Al 2124,T851,Plate,T-L,0.6-6.0,10,509,0.5-2.0,32,25,19,9.7,
3.1.2.1.6,313,Al 2124,T851,Plate,S-L,≥0.5,6,489,0.3-1.5,27,21,16,9.8,
3.1.2.1.6,313,Al 2219,T851,Plate,L-T,----,4,67,1.0-2.5,38,33,30,7.2,Al 2219-T851 sheet/plate
3.1.2.1.6,313,Al 2219,T851,Plate,T-L,≥1.0,6,108,0.8-2.5,37,29,20,10.1,
3.1.2.1.6,313,Al 2219,T851,Plate,S-L,≥0.8,3,24,0.5-1.5,26,22,20,9.6,
3.1.2.1.6,313,Al 2219,T851,Forging,S-L,----,1,85,1.0-1.5,34,25,19,12.1,
3.1.2.1.6,313,Al 2219,T8511,Extrusion,T-L,----,1,19,1.8-2.0,34,29,23,12.3,
3.1.2.1.6,313,Al 2219,T852,Forging,S-L,----,2,60,0.8-2.0,35,25,20,12.1,
3.1.2.1.6,313,Al 2219,T852,Hand Forging,L-T,----,2,32,1.5-2.5,46,38,30,9.7,Al 2219-T852 hand forging
3.1.2.1.6,313,Al 2219,T852,Hand Forging,T-L,≥1.5,2,28,1.5-2.5,30,27,22,8.4,
3.1.2.1.6,313,Al 2219,T87,Plate,L-T,≥1.5,3,11,0.8-2.0,34,27,25,9.3,
3.1.2.1.6,313,Al 2219,T87,Plate,T-L,----,1,11,1.0,22,22,19,3.9,
3.1.2.1.6,313,Al 2297,T87,Plate,L-T,3-4,1,16,1.5,50,40,33,11.3,
3.1.2.1.6,313,Al 2297,T87,Plate,T-L,3-4,1,18,1.5,41,32,28,9.4,
3.1.2.1.6,313,Al 2297,T87,Plate,S-L,3-4,1,17,1.0,32,25,20,11.0,
3.1.2.1.6,313,Al 2297,T87,Plate,L-T,4-5,1,51,1.5,46,38,32,8.0,
3.1.2.1.6,313,Al 2297,T87,Plate,T-L,4-5,1,51,1.5,37,30,26,7.1,
3.1.2.1.6,313,Al 2297,T87,Plate,S-L,4-5,1,52,1.0,30,24,19,8.7,
3.1.2.1.6,313,Al 2297,T87,Plate,L-T,5-6,1,17,1.5,42,36,31,7.7,
3.1.2.1.6,313,Al 2297,T87,Plate,T-L,5-6,1,17,1.5,30,27,25,6.2,
3.1.2.1.6,313,Al 2297,T87,Plate,S-L,5-6,1,14,1.0,27,23,19,8.7,
3.1.2.1.6,314,Al 7040,T7451,Plate,L-T,3-4,1,16,2,39,37,34,5.2,Al 7040-T7451 plate
3.1.2.1.6,314,Al 7040,T7451,Plate,T-L,3-4,1,16,2,31,30,28,2.8,
3.1.2.1.6,314,Al 7040,T7451,Plate,S-L,3-4,1,14,2,33,31,29,4.2,
3.1.2.1.6,314,Al 7040,T7451,Plate,L-T,4-5,1,17,2,34,32,31,2.0,
3.1.2.1.6,314,Al 7040,T7451,Plate,T-L,4-5,1,17,2,27,26,26,1.5,
3.1.2.1.6,314,Al 7040,T7451,Plate,S-L,4-5,1,17,2,28,26,26,2.2,
3.1.2.1.6,314,Al 7040,T7451,Plate,L-T,5-6,1,17,2,34,32,30,2.7,
3.1.2.1.6,314,Al 7040,T7451,Plate,T-L,5-6,1,14,2,28,25,25,3.5,
3.1.2.1.6,314,Al 7040,T7451,Plate,S-L,5-6,1,16,2,28,27,26,2.7,
3.1.2.1.6,314,Al 7040,T7451,Plate,L-T,6-7,1,21,2,37,34,30,5.9,
3.1.2.1.6,314,Al 7040,T7451,Plate,T-L,6-7,1,21,2,29,27,25,2.8,
3.1.2.1.6,314,Al 7040,T7451,Plate,S-L,6-7,1,21,2,30,29,27,4.0,
3.1.2.1.6,314,Al 7040,T7451,Plate,L-T,7-8,1,18,2,33,32,30,3.2,
3.1.2.1.6,314,Al 7040,T7451,Plate,T-L,7-8,1,16,2,29,28,26,2.7,
3.1.2.1.6,314,Al 7040,T7451,Plate,S-L,7-8,1,13,2,31,29,26,4.6,
3.1.2.1.6,314,Al 7040,T7451,Plate,L-T,8-8.5,1,17,2,34,31,28,4.6,
3.1.2.1.6,314,Al 7040,T7451,Plate,T-L,8-8.5,1,13,2,26,24,23,5.0,
3.1.2.1.6,314,Al 7040,T7451,Plate,S-L,8-8.5,1,17,2,27,26,25,2.1,
3.1.2.1.6,314,Al 7049,T73,Die Forging,L-T,1.4,3,21,0.5-1.0,34,30,27,7.4,
3.1.2.1.6,314,Al 7049,T73,Die Forging,S-L,≥0.5,3,46,0.5-1.0,26,22,18,9.7,
3.1.2.1.6,314,Al 7049,T73,Hand Forging,L-T,≥0.5,2,28,0.5-1.0,37,30,23,12.1,
3.1.2.1.6,314,Al 7049,T73,Hand Forging,T-L,2.0-7.1,2,27,1.0,28,22,18,12.5,
3.1.2.1.6,314,Al 7049,T73,Hand Forging,S-L,1.0,2,24,0.8-1.0,22,19,14,14.2,
3.1.2.1.6,314,Al 7050,T7351,Plate,L-T,1.0-6.0,2,31,1.0-2.0,43,35,28,11.3,
3.1.2.1.6,314,Al 7050,T7351,Plate,T-L,2.0-6.0,1,29,1.5-2.0,35,30,25,8.5,
3.1.2.1.6,314,Al 7050,T7351,Plate,S-L,2.0-6.0,1,30,0.8-1.5,30,28,25,4.6,
3.1.2.1.6,314,Al 7050,T74,Die Forging,S-L,0.6-7.1,3,12,0.6-2.0,27,24,21,8.8,
3.1.2.1.6,314,Al 7050,T7451,Plate,L-T,----,13,96,1.0-2.0,39,32,25,11.7,Al 7050-T7451 plate
3.1.2.1.6,314,Al 7050,T7451,Plate,T-L,≥1.0,9,97,0.5-2.0,38,28,21,15.6,
3.1.2.1.6,314,Al 7050,T7451,Plate,S-L,≥1.0,6,44,0.7-2.0,28,23,21,6.3,
3.1.2.1.6,315,Al 7050,T7452,Hand Forging,L-T,3.5-5.5,1,11,1.5,34,31,26,8.0,
3.1.2.1.6,315,Al 7050,T7452,Hand Forging,T-L,3.5-7.5,1,13,1.5,22,21,18,6.7,
3.1.2.1.6,315,Al 7050,T7452,Hand Forging,S-L,3.5-7.5,1,17,0.8-1.5,21,19,16,7.5,
3.1.2.1.6,315,Al 7050,T76511,Extrusion,L-T,----,2,38,0.6-2.0,40,31,27,7.8,Al 7050-T76511 extrusion
3.1.2.1.6,315,Al 7075,T651,Plate,L-T,≥0.6,7,99,0.5-2.0,30,26,20,7.6,Al 7075-T651 plate
3.1.2.1.6,315,Al 7075,T651,Plate,T-L,≥0.5,5,135,0.4-2.0,27,22,18,8.9,
3.1.2.1.6,315,Al 7075,T651,Plate,S-L,----,2,37,0.5-1.5,22,18,14,10.4,
3.1.2.1.6,315,Al 7075,T6510,Extrusion,L-T,0.7-3.5,1,26,0.5-1.2,32,27,23,7.8,Al 7075-T6/T6510/T6511/T62 extrusion
3.1.2.1.6,315,Al 7075,T6510,Extrusion,T-L,0.7-3.5,1,25,0.5-1.2,28,24,21,8.0,
3.1.2.1.6,315,Al 7075,T6510,Forged Bar,L-T,0.7-5.0,1,13,0.6-2.0,35,29,24,11.6,
3.1.2.1.6,315,Al 7075,T6510,Forged Bar,T-L,0.7-5.0,1,13,0.5-2.5,24,21,17,8.2,
3.1.2.1.6,315,Al 7075,T73,Die Forging,T-L,≥0.5,1,22,0.5-0.8,25,21,18,9.9,
3.1.2.1.6,315,Al 7075,T73,Hand Forging,L-T,----,2,10,1.0-1.5,39,31,29,8.8,
3.1.2.1.6,315,Al 7075,T73,Hand Forging,T-L,≥1.0,2,14,1.0-1.5,27,23,20,9.0,
3.1.2.1.6,315,Al 7075,T7351,Plate,L-T,≥1.0,8,65,0.5-2.0,36,30,25,8.2,Al 7075-T7351 plate
3.1.2.1.6,315,Al 7075,T7351,Plate,T-L,≥0.5,6,56,0.5-2.0,47,27,21,20.1,
3.1.2.1.6,315,Al 7075,T7351,Plate,S-L,≥0.5,3,20,0.5-1.5,38,22,17,32.5,
3.1.2.1.6,315,Al 7075,T73511,Extrusion,T-L,1.0-7.0,1,19,0.9-1.0,22,20,19,3.7,
3.1.2.1.6,315,Al 7075,T73511,Extrusion,L-T,≥0.9,3,28,0.7-2.0,43,35,31,9.4,Al 7075-T73/T73510/T73511 extrusion
3.1.2.1.6,315,Al 7075,T73511,Extrusion,T-L,≥0.7,3,35,0.5-1.8,35,23,12,20.3,
3.1.2.1.6,315,Al 7075,T73511,Extrusion,S-L,≥0.5,3,15,0.4-1.0,22,20,17,9.0,
3.1.2.1.6,315,Al 7075,T7352,Hand Forging,L-T,----,2,27,0.8-2.0,39,33,30,9.2,
3.1.2.1.6,315,Al 7075,T7352,Hand Forging,T-L,≥0.8,3,20,0.8-2.0,33,26,23,9.9,
3.1.2.1.6,315,Al 7075,T7651,Plate,L-T,≥0.8,6,82,0.5-2.0,43,29,22,17.8,Al 7075-T7651 sheet/plate
3.1.2.1.6,315,Al 7075,T7651,Plate,T-L,≥0.5,7,96,0.5-2.0,28,23,20,7.6,
3.1.2.1.6,315,Al 7075,T7651,Plate,S-L,≥0.5,5,28,0.4-0.8,20,18,15,7.7,
3.1.2.1.6,315,Al 7075,T7651,Clad Plate,L-T,0.5-0.6,2,30,0.5-0.6,30,25,22,7.1,
3.1.2.1.6,315,Al 7075,T7651,Clad Plate,T-L,0.5-0.6,2,56,0.5-0.6,28,24,21,7.7,
3.1.2.1.6,316,Al 7075,T76511,Extrusion,L-T,1.3-7.0,4,11,1.2-2.0,41,35,31,11.0,Al 7075-T76/T76510/T76511 extrusion
3.1.2.1.6,316,Al 7075,T76511,Extrusion,T-L,1.2,3,42,0.6-2.0,36,23,20,15.5,
3.1.2.1.6,316,Al 7150,T77511,Extrusion,L-T,0.76,1,52,0.5,36,31,26,7.7,Al 7150-T77511 extrusion
3.1.2.1.6,316,Al 7150,T77511,Extrusion,T-L,0.76,1,52,0.5,27,24,21,5.1,
3.1.2.1.6,316,Al 7175,T651,Plate,L-T,----,1,17,0.7-0.8,30,26,24,9.2,
3.1.2.1.6,316,Al 7175,T651,Plate,T-L,----,1,10,0.7-0.8,26,22,20,9.8,
3.1.2.1.6,316,Al 7175,T6511,Extrusion,L-T,----,2,14,0.8-1.0,36,32,24,13.8,
3.1.2.1.6,316,Al 7175,T7351,Plate,L-T,----,2,30,0.7-1.6,36,33,32,3.3,
3.1.2.1.6,316,Al 7175,T7351,Plate,T-L,----,2,32,0.7-1.6,30,27,25,4.5,
3.1.2.1.6,316,Al 7175,T73511,Extrusion,L-T,≥0.7,5,43,0.5-1.5,47,33,23,16.0,Al 7175-T73511 extrusion
3.1.2.1.6,316,Al 7175,T73511,Extrusion,T-L,≥0.5,5,43,0.5-1.5,35,25,20,10.9,
3.1.2.1.6,316,Al 7175,T74,Die Forging,L-T,≥0.5,3,14,0.5-1.0,38,30,22,15.0,
3.1.2.1.6,316,Al 7175,T74,Die Forging,T-L,≥0.5,2,13,0.5-1.0,33,24,21,15.7,
3.1.2.1.6,316,Al 7175,T74,Die Forging,S-L,≥0.5,4,41,0.5-0.8,31,26,20,8.6,
3.1.2.1.6,316,Al 7175,T74,Hand Forging,T-L,3.0-5.0,2,10,1.0-1.5,29,26,24,4.8,
3.1.2.1.6,316,Al 7175,T7651,Clad Plate,L-T,----,1,53,1.5,33,32,30,4.3,
3.1.2.1.6,316,Al 7175,T7651,Clad Plate,T-L,----,1,50,0.6,28,27,25,3.1,
3.1.2.1.6,316,Al 7175,T7651,Plate,L-T,----,1,12,1.5,32,32,31,1.7,
3.1.2.1.6,316,Al 7175,T7651,Plate,T-L,----,1,11,1.5,26,25,24,3.3,
3.1.2.1.6,316,Al 7175,T76511,Extrusion,L-T,1.4-3.8,2,48,0.6-2.0,39,33,27,10.7,
3.1.2.1.6,316,Al 7175,T76511,Extrusion,T-L,≥0.6,4,49,0.6-1.8,31,22,20,9.8,
3.1.2.1.6,316,Al 7475,T651,Plate,L-T,----,3,34,0.9-2.0,49,38,33,9.2,Al 7475-T651 plate
3.1.2.1.6,316,Al 7475,T651,Plate,T-L,0.6-2.0,2,143,0.6-2.0,43,34,27,9.8,
3.1.2.1.6,316,Al 7475,T651,Plate,S-L,≥0.6,1,23,0.5-1.0,36,28,20,14.9,
3.1.2.1.6,316,Al 7475,T7351,Plate,L-T,1.3-4.0,8,151,1.3-3.0,60,47,34,10.4,Al 7475-T7351 plate
3.1.2.1.6,316,Al 7475,T7351,Plate,T-L,≥1.3,7,132,0.7-3.0,50,37,29,10.4,
3.1.2.1.6,316,Al 7475,T7351,Plate,S-L,≥0.7,7,74,0.5-1.5,36,30,25,8.7,
3.1.2.1.6,316,Al 7475,T7651,Plate,L-T,1.0-2.0,4,10,1.0-2.0,46,41,36,6.2,Al 7475-T7651 plate
3.1.2.1.6,316,Al 7475,T7651,Plate,T-L,≥1.0,2,15,0.9-2.0,50,36,29,14.5,
2.1.2.1.3,58,Steel AerMet 100,"Anneal, HT to 280ksi",Bar,L-R,2.75-10,1,183,1,146,121,100,7.9,Steel AerMet 100 STA bar/forging
2.1.2.1.3,58,Custom 465,H950,Bar,L-R,3-12,1,40,1-1.5,104,89,76,7.4,Custom 465 H950 bar
2.1.2.1.3,58,Custom 465,H1000,Bar,L-R,3-12,1,40,1-1.5,131,120,108,5.2,Custom 465 H1000 bar
2.1.2.1.3,58,PH13-8Mo,H1000,Forging,L-T,4.0-8.0,3,12,0.7-2.0,104,90,49,21.5,
2.1.2.1.3,58,Steel HP 9-4-20,Quench and Temper,Hand Forging,L-T,3.0,2,27,1.0-2.0,147,129,107,8.3,
5.1.2.1.1,896,Ti-6Al-4V,Mill Annealed,Forged Bar,L-T,<3.5,2,43,0.6-1.1,77,60,38,10.5,Ti-6Al-4V Annealed bar
5.1.2.1.1,896,Ti-6Al-4V,Mill Annealed,Forged Bar,T-L,<3.5,2,64,0.5-1.3,81,57,33,11.7,
