item,class,family,form,key,printed,unit,source,locator,grade,note
Al 2014-T6 sheet,metals,,,parisM,3.575,-,faa-ar-05-15,"Figure B-2 (PDF p. 33), Walker fit n",primary-report,"Walker equation fit to the linear region (2014-T6 sheet, T-L), laboratory air; at R = 0 the Walker equation reduces to da/dN = C*dK^n. Converted from in/cycle and ksi*sqrt(in)."
Al 2014-T6 sheet,metals,,,parisC,0.206E-08,in/cycle per (ksi*sqrt(in))^n,faa-ar-05-15,"Figure B-2 (PDF p. 33), Walker fit C",primary-report,"Walker equation fit to the linear region (2014-T6 sheet, T-L), laboratory air; at R = 0 the Walker equation reduces to da/dN = C*dK^n. Converted from in/cycle and ksi*sqrt(in)."
Al 2024-T3 sheet,metals,,,parisM,3.273,-,faa-ar-05-15,"Figure B-5a (PDF p. 39), Walker fit n",primary-report,"Walker equation fit to the linear region (2024-T3 clad and bare sheet, L-T, positive R), laboratory air; at R = 0 the Walker equation reduces to da/dN = C*dK^n. Converted from in/cycle and ksi*sqrt(in)."
Al 2024-T3 sheet,metals,,,parisC,0.167E-08,in/cycle per (ksi*sqrt(in))^n,faa-ar-05-15,"Figure B-5a (PDF p. 39), Walker fit C",primary-report,"Walker equation fit to the linear region (2024-T3 clad and bare sheet, L-T, positive R), laboratory air; at R = 0 the Walker equation reduces to da/dN = C*dK^n. Converted from in/cycle and ksi*sqrt(in)."
Alclad 2024-T3 sheet/plate,metals,,,parisM,3.273,-,faa-ar-05-15,"Figure B-5a (PDF p. 39), Walker fit n",primary-report,"Walker equation fit to the linear region (2024-T3 clad and bare sheet, L-T, positive R), laboratory air; at R = 0 the Walker equation reduces to da/dN = C*dK^n. Converted from in/cycle and ksi*sqrt(in)."
Alclad 2024-T3 sheet/plate,metals,,,parisC,0.167E-08,in/cycle per (ksi*sqrt(in))^n,faa-ar-05-15,"Figure B-5a (PDF p. 39), Walker fit C",primary-report,"Walker equation fit to the linear region (2024-T3 clad and bare sheet, L-T, positive R), laboratory air; at R = 0 the Walker equation reduces to da/dN = C*dK^n. Converted from in/cycle and ksi*sqrt(in)."
Al 2024-T351 plate,metals,,,parisM,3.815,-,faa-ar-05-15,"Figure B-11a (PDF p. 54), Walker fit n",primary-report,"Walker equation fit to the linear region (2024-T351 plate, L-T, positive R), laboratory air; at R = 0 the Walker equation reduces to da/dN = C*dK^n. Converted from in/cycle and ksi*sqrt(in)."
Al 2024-T351 plate,metals,,,parisC,0.667E-09,in/cycle per (ksi*sqrt(in))^n,faa-ar-05-15,"Figure B-11a (PDF p. 54), Walker fit C",primary-report,"Walker equation fit to the linear region (2024-T351 plate, L-T, positive R), laboratory air; at R = 0 the Walker equation reduces to da/dN = C*dK^n. Converted from in/cycle and ksi*sqrt(in)."
Al 2024-T3/T3510/T3511 extrusion,metals,,,parisM,4.216,-,faa-ar-05-15,"Figure B-14 (PDF p. 62), Walker fit n",primary-report,"Walker equation fit to the linear region (2024-T3511 extrusion, L-T), laboratory air; at R = 0 the Walker equation reduces to da/dN = C*dK^n. Converted from in/cycle and ksi*sqrt(in)."
Al 2024-T3/T3510/T3511 extrusion,metals,,,parisC,0.199E-09,in/cycle per (ksi*sqrt(in))^n,faa-ar-05-15,"Figure B-14 (PDF p. 62), Walker fit C",primary-report,"Walker equation fit to the linear region (2024-T3511 extrusion, L-T), laboratory air; at R = 0 the Walker equation reduces to da/dN = C*dK^n. Converted from in/cycle and ksi*sqrt(in)."
Al 7050-T7451 plate,metals,,,parisM,3.613,-,faa-ar-05-15,"Figure B-23 (PDF p. 77), Walker fit n",primary-report,"Walker equation fit to the linear region (7050-T7451 plate, L-T), laboratory air; at R = 0 the Walker equation reduces to da/dN = C*dK^n. Converted from in/cycle and ksi*sqrt(in)."
Al 7050-T7451 plate,metals,,,parisC,0.600E-09,in/cycle per (ksi*sqrt(in))^n,faa-ar-05-15,"Figure B-23 (PDF p. 77), Walker fit C",primary-report,"Walker equation fit to the linear region (7050-T7451 plate, L-T), laboratory air; at R = 0 the Walker equation reduces to da/dN = C*dK^n. Converted from in/cycle and ksi*sqrt(in)."
Al 7075-T651 plate,metals,,,parisM,2.791,-,faa-ar-05-15,"Figure B-26 (PDF p. 83), Walker fit n",primary-report,"Walker equation fit to the linear region (7075-T651 plate, L-T), laboratory air; at R = 0 the Walker equation reduces to da/dN = C*dK^n. Converted from in/cycle and ksi*sqrt(in)."
Al 7075-T651 plate,metals,,,parisC,0.130E-07,in/cycle per (ksi*sqrt(in))^n,faa-ar-05-15,"Figure B-26 (PDF p. 83), Walker fit C",primary-report,"Walker equation fit to the linear region (7075-T651 plate, L-T), laboratory air; at R = 0 the Walker equation reduces to da/dN = C*dK^n. Converted from in/cycle and ksi*sqrt(in)."
Al 7075-T7351 plate,metals,,,parisM,3.157,-,faa-ar-05-15,"Figure B-29a (PDF p. 89), Walker fit n",primary-report,"Walker equation fit to the linear region (7075-T7351 plate, L-T, positive R), laboratory air; at R = 0 the Walker equation reduces to da/dN = C*dK^n. Converted from in/cycle and ksi*sqrt(in)."
Al 7075-T7351 plate,metals,,,parisC,0.451E-08,in/cycle per (ksi*sqrt(in))^n,faa-ar-05-15,"Figure B-29a (PDF p. 89), Walker fit C",primary-report,"Walker equation fit to the linear region (7075-T7351 plate, L-T, positive R), laboratory air; at R = 0 the Walker equation reduces to da/dN = C*dK^n. Converted from in/cycle and ksi*sqrt(in)."
Al 7475-T7351 plate,metals,,,parisM,3.816,-,faa-ar-05-15,"Figure B-32a (PDF p. 96), Walker fit n",primary-report,"Walker equation fit to the linear region (7475-T7351 plate, L-T, positive R), laboratory air; at R = 0 the Walker equation reduces to da/dN = C*dK^n. Converted from in/cycle and ksi*sqrt(in)."
Al 7475-T7351 plate,metals,,,parisC,0.502E-09,in/cycle per (ksi*sqrt(in))^n,faa-ar-05-15,"Figure B-32a (PDF p. 96), Walker fit C",primary-report,"Walker equation fit to the linear region (7475-T7351 plate, L-T, positive R), laboratory air; at R = 0 the Walker equation reduces to da/dN = C*dK^n. Converted from in/cycle and ksi*sqrt(in)."
Alclad 7475-T761 sheet,metals,,,parisM,2.570,-,faa-ar-05-15,"Figure B-35 (PDF p. 104), Walker fit n",primary-report,"Walker equation fit to the linear region (7475-T761 clad sheet, L-T), laboratory air; at R = 0 the Walker equation reduces to da/dN = C*dK^n. Converted from in/cycle and ksi*sqrt(in)."
Alclad 7475-T761 sheet,metals,,,parisC,0.192E-07,in/cycle per (ksi*sqrt(in))^n,faa-ar-05-15,"Figure B-35 (PDF p. 104), Walker fit C",primary-report,"Walker equation fit to the linear region (7475-T761 clad sheet, L-T), laboratory air; at R = 0 the Walker equation reduces to da/dN = C*dK^n. Converted from in/cycle and ksi*sqrt(in)."
Al 7475-T7651 plate,metals,,,parisM,3.267,-,faa-ar-05-15,"Figure B-38 (PDF p. 109), Walker fit n",primary-report,"Walker equation fit to the linear region (7475-T7651 sheet and plate, L-T), laboratory air; at R = 0 the Walker equation reduces to da/dN = C*dK^n. Converted from in/cycle and ksi*sqrt(in)."
Al 7475-T7651 plate,metals,,,parisC,0.217E-08,in/cycle per (ksi*sqrt(in))^n,faa-ar-05-15,"Figure B-38 (PDF p. 109), Walker fit C",primary-report,"Walker equation fit to the linear region (7475-T7651 sheet and plate, L-T), laboratory air; at R = 0 the Walker equation reduces to da/dN = C*dK^n. Converted from in/cycle and ksi*sqrt(in)."
Al 2014-T6 sheet,metals,,,KIc,20.0,ksi*sqrt(in),faa-ar-05-15,"Figure B-1 (PDF p. 32), K1c of the NASGRO 4.0 equation fit",primary-report,"K1c is the plane-strain toughness parameter listed with the NASGRO 4.0 fit for this material, not a handbook test average."
Al 2024-T3 sheet,metals,,,KIc,30.0,ksi*sqrt(in),faa-ar-05-15,"Figure B-4a (PDF p. 37), K1c of the NASGRO 4.0 equation fit",primary-report,"K1c is the plane-strain toughness parameter listed with the NASGRO 4.0 fit for this material, not a handbook test average."
Alclad 2024-T3 sheet/plate,metals,,,KIc,30.0,ksi*sqrt(in),faa-ar-05-15,"Figure B-4a (PDF p. 37), K1c of the NASGRO 4.0 equation fit",primary-report,"K1c is the plane-strain toughness parameter listed with the NASGRO 4.0 fit for this material, not a handbook test average."
Al 2024-T3/T3510/T3511 extrusion,metals,,,KIc,35.0,ksi*sqrt(in),faa-ar-05-15,"Figure B-13 (PDF p. 61), K1c of the NASGRO 4.0 equation fit",primary-report,"K1c is the plane-strain toughness parameter listed with the NASGRO 4.0 fit for this material, not a handbook test average."
Alclad 7475-T761 sheet,metals,,,KIc,40.0,ksi*sqrt(in),faa-ar-05-15,"Figure B-34 (PDF p. 103), K1c of the NASGRO 4.0 equation fit",primary-report,"K1c is the plane-strain toughness parameter listed with the NASGRO 4.0 fit for this material, not a handbook test average."
Ti-6Al-4V Annealed sheet,metals,,,JC.A,1098,MPa,llnl-ucrl-id-134691,"Table 8, new parameters for the Johnson-Cook material model (PDF p. 25)",primary-report,Strength-model constants fitted by Lesuer to split-Hopkinson-bar and literature data; the report was also issued as DOT/FAA/AR-00/25. The melting temperature is not tabulated with them.
Ti-6Al-4V Annealed sheet,metals,,,JC.B,1092,MPa,llnl-ucrl-id-134691,"Table 8, new parameters for the Johnson-Cook material model (PDF p. 25)",primary-report,Strength-model constants fitted by Lesuer to split-Hopkinson-bar and literature data; the report was also issued as DOT/FAA/AR-00/25. The melting temperature is not tabulated with them.
Ti-6Al-4V Annealed sheet,metals,,,JC.n,.93,-,llnl-ucrl-id-134691,"Table 8, new parameters for the Johnson-Cook material model (PDF p. 25)",primary-report,Strength-model constants fitted by Lesuer to split-Hopkinson-bar and literature data; the report was also issued as DOT/FAA/AR-00/25. The melting temperature is not tabulated with them.
Ti-6Al-4V Annealed sheet,metals,,,JC.C,.014,-,llnl-ucrl-id-134691,"Table 8, new parameters for the Johnson-Cook material model (PDF p. 25)",primary-report,Strength-model constants fitted by Lesuer to split-Hopkinson-bar and literature data; the report was also issued as DOT/FAA/AR-00/25. The melting temperature is not tabulated with them.
Ti-6Al-4V Annealed sheet,metals,,,JC.m,1.1,-,llnl-ucrl-id-134691,"Table 8, new parameters for the Johnson-Cook material model (PDF p. 25)",primary-report,Strength-model constants fitted by Lesuer to split-Hopkinson-bar and literature data; the report was also issued as DOT/FAA/AR-00/25. The melting temperature is not tabulated with them.
Al 2024-T3 sheet,metals,,,JC.A,369,MPa,llnl-ucrl-id-134691,"Table 8, new parameters for the Johnson-Cook material model (PDF p. 25)",primary-report,Strength-model constants fitted by Lesuer to split-Hopkinson-bar and literature data; the report was also issued as DOT/FAA/AR-00/25. The melting temperature is not tabulated with them.
Al 2024-T3 sheet,metals,,,JC.B,684,MPa,llnl-ucrl-id-134691,"Table 8, new parameters for the Johnson-Cook material model (PDF p. 25)",primary-report,Strength-model constants fitted by Lesuer to split-Hopkinson-bar and literature data; the report was also issued as DOT/FAA/AR-00/25. The melting temperature is not tabulated with them.
Al 2024-T3 sheet,metals,,,JC.n,.73,-,llnl-ucrl-id-134691,"Table 8, new parameters for the Johnson-Cook material model (PDF p. 25)",primary-report,Strength-model constants fitted by Lesuer to split-Hopkinson-bar and literature data; the report was also issued as DOT/FAA/AR-00/25. The melting temperature is not tabulated with them.
Al 2024-T3 sheet,metals,,,JC.C,.0083,-,llnl-ucrl-id-134691,"Table 8, new parameters for the Johnson-Cook material model (PDF p. 25)",primary-report,Strength-model constants fitted by Lesuer to split-Hopkinson-bar and literature data; the report was also issued as DOT/FAA/AR-00/25. The melting temperature is not tabulated with them.
Al 2024-T3 sheet,metals,,,JC.m,1.7,-,llnl-ucrl-id-134691,"Table 8, new parameters for the Johnson-Cook material model (PDF p. 25)",primary-report,Strength-model constants fitted by Lesuer to split-Hopkinson-bar and literature data; the report was also issued as DOT/FAA/AR-00/25. The melting temperature is not tabulated with them.
"IM7/8552 unidirectional tape (NCAMP, 190 gsm, 35% RC)",plies,carbon/epoxy,"Hexcel 8552 IM7 unidirectional prepreg, NMS 128/2, NPS 81228 ""M"" cure; room temperature dry (70 F); means of three batches",E1,22.99,Msi,ncamp-ncp-rp-2009-028,"Table 3-3, RTD column (PDF p. 37)",primary-report,"tension modulus, normalised value"
"IM7/8552 unidirectional tape (NCAMP, 190 gsm, 35% RC)",plies,carbon/epoxy,"Hexcel 8552 IM7 unidirectional prepreg, NMS 128/2, NPS 81228 ""M"" cure; room temperature dry (70 F); means of three batches",E2,1.30,Msi,ncamp-ncp-rp-2009-028,"Table 3-3, RTD column (PDF p. 37)",primary-report,"transverse tension modulus, as measured"
"IM7/8552 unidirectional tape (NCAMP, 190 gsm, 35% RC)",plies,carbon/epoxy,"Hexcel 8552 IM7 unidirectional prepreg, NMS 128/2, NPS 81228 ""M"" cure; room temperature dry (70 F); means of three batches",G12,0.68,Msi,ncamp-ncp-rp-2009-028,"Table 3-3, RTD column (PDF p. 37)",primary-report,"in-plane shear modulus, as measured"
"IM7/8552 unidirectional tape (NCAMP, 190 gsm, 35% RC)",plies,carbon/epoxy,"Hexcel 8552 IM7 unidirectional prepreg, NMS 128/2, NPS 81228 ""M"" cure; room temperature dry (70 F); means of three batches",nu12,0.316,-,ncamp-ncp-rp-2009-028,"Table 3-3, RTD column (PDF p. 37)",primary-report,tension
"IM7/8552 unidirectional tape (NCAMP, 190 gsm, 35% RC)",plies,carbon/epoxy,"Hexcel 8552 IM7 unidirectional prepreg, NMS 128/2, NPS 81228 ""M"" cure; room temperature dry (70 F); means of three batches",Xt,362.69,ksi,ncamp-ncp-rp-2009-028,"Table 3-3, RTD column (PDF p. 37)",primary-report,"mean from longitudinal tension (LT), normalised; modified-CV B-basis 323.09 ksi"
"IM7/8552 unidirectional tape (NCAMP, 190 gsm, 35% RC)",plies,carbon/epoxy,"Hexcel 8552 IM7 unidirectional prepreg, NMS 128/2, NPS 81228 ""M"" cure; room temperature dry (70 F); means of three batches",Xc,248.94,ksi,ncamp-ncp-rp-2009-028,"Table 3-3, RTD column (PDF p. 37)",primary-report,"mean derived from cross-ply UNC0 with back-out factor, normalised"
"IM7/8552 unidirectional tape (NCAMP, 190 gsm, 35% RC)",plies,carbon/epoxy,"Hexcel 8552 IM7 unidirectional prepreg, NMS 128/2, NPS 81228 ""M"" cure; room temperature dry (70 F); means of three batches",Yt,9.29,ksi,ncamp-ncp-rp-2009-028,"Table 3-3, RTD column (PDF p. 37)",primary-report,"mean, as measured; B-basis 7.59 ksi"
"IM7/8552 unidirectional tape (NCAMP, 190 gsm, 35% RC)",plies,carbon/epoxy,"Hexcel 8552 IM7 unidirectional prepreg, NMS 128/2, NPS 81228 ""M"" cure; room temperature dry (70 F); means of three batches",Yc,41.44,ksi,ncamp-ncp-rp-2009-028,"Table 3-3, RTD column (PDF p. 37)",primary-report,"mean, as measured; modified-CV B-basis 36.45 ksi"
"IM7/8552 unidirectional tape (NCAMP, 190 gsm, 35% RC)",plies,carbon/epoxy,"Hexcel 8552 IM7 unidirectional prepreg, NMS 128/2, NPS 81228 ""M"" cure; room temperature dry (70 F); means of three batches",S,13.22,ksi,ncamp-ncp-rp-2009-028,"Table 3-3, RTD column (PDF p. 37)",primary-report,"mean in-plane shear strength at 5 % strain, as measured (0.2 % offset mean 7.76 ksi)"
"IM7/8552 unidirectional tape (NCAMP, 190 gsm, 35% RC)",plies,carbon/epoxy,"Hexcel 8552 IM7 unidirectional prepreg, NMS 128/2, NPS 81228 ""M"" cure; room temperature dry (70 F); means of three batches",t,0.0072,in,ncamp-ncp-rp-2009-028,"Table 3-3, RTD column (PDF p. 37)",primary-report,normalising cured ply thickness
"IM7/8552 unidirectional tape (NCAMP, 190 gsm, 35% RC)",plies,carbon/epoxy,"Hexcel 8552 IM7 unidirectional prepreg, NMS 128/2, NPS 81228 ""M"" cure; room temperature dry (70 F); means of three batches",GIc,0.221,kJ/m2,nasa-ntrs-20120016494,"Table III, interlaminar toughness, plate 1, PC mean (PDF p. 16)",primary-report,"DCB, toughness from a statically grown precrack; plate 2 mean 0.204 kJ/m2"
"IM7/8552 unidirectional tape (NCAMP, 190 gsm, 35% RC)",plies,carbon/epoxy,"Hexcel 8552 IM7 unidirectional prepreg, NMS 128/2, NPS 81228 ""M"" cure; room temperature dry (70 F); means of three batches",GIIc,4.22,in-lb/in2,nasa-tm-2010-216838,"Table 2, pre-cracked GIIc, source 1 average (PDF p. 19)",primary-report,ENF test; source 2 average 4.61 in-lb/in2; non-precracked averages 6.50 and 7.58
JP-8 (AAFEX test fuel),fluids,fuel,"Fuel batch analysed for the NASA Alternative Aviation Fuel Experiment (2009); measured values of that batch, not specification limits",rho,0.816,specific gravity 60/60F,nasa-tm-2011-217059,"Table 2, Fuel Properties (PDF p. 17)",primary-report,"Specific gravity converted with the density of water at 60 F, 999.016 kg/m3."
JP-8 (AAFEX test fuel),fluids,fuel,"Fuel batch analysed for the NASA Alternative Aviation Fuel Experiment (2009); measured values of that batch, not specification limits",LHV,43.3,MJ/kg,nasa-tm-2011-217059,"Table 2, Fuel Properties (PDF p. 17)",primary-report,"The table heads this row ""Heat of Combustion (MJ/kg)"" without saying net or gross."
JP-8 (AAFEX test fuel),fluids,fuel,"Fuel batch analysed for the NASA Alternative Aviation Fuel Experiment (2009); measured values of that batch, not specification limits",flash_C,46,degC,nasa-tm-2011-217059,"Table 2, Fuel Properties (PDF p. 17)",primary-report,
"Fischer-Tropsch SPK from natural gas, Shell (AAFEX FT1)",fluids,fuel,"Fuel batch analysed for the NASA Alternative Aviation Fuel Experiment (2009); measured values of that batch, not specification limits",rho,0.738,specific gravity 60/60F,nasa-tm-2011-217059,"Table 2, Fuel Properties (PDF p. 17)",primary-report,"Specific gravity converted with the density of water at 60 F, 999.016 kg/m3."
"Fischer-Tropsch SPK from natural gas, Shell (AAFEX FT1)",fluids,fuel,"Fuel batch analysed for the NASA Alternative Aviation Fuel Experiment (2009); measured values of that batch, not specification limits",LHV,44.4,MJ/kg,nasa-tm-2011-217059,"Table 2, Fuel Properties (PDF p. 17)",primary-report,"The table heads this row ""Heat of Combustion (MJ/kg)"" without saying net or gross."
"Fischer-Tropsch SPK from natural gas, Shell (AAFEX FT1)",fluids,fuel,"Fuel batch analysed for the NASA Alternative Aviation Fuel Experiment (2009); measured values of that batch, not specification limits",flash_C,41,degC,nasa-tm-2011-217059,"Table 2, Fuel Properties (PDF p. 17)",primary-report,
JP-8 / FT1 50:50 blend (AAFEX),fluids,fuel,"Fuel batch analysed for the NASA Alternative Aviation Fuel Experiment (2009); measured values of that batch, not specification limits",rho,0.777,specific gravity 60/60F,nasa-tm-2011-217059,"Table 2, Fuel Properties (PDF p. 17)",primary-report,"Specific gravity converted with the density of water at 60 F, 999.016 kg/m3."
JP-8 / FT1 50:50 blend (AAFEX),fluids,fuel,"Fuel batch analysed for the NASA Alternative Aviation Fuel Experiment (2009); measured values of that batch, not specification limits",LHV,43.8,MJ/kg,nasa-tm-2011-217059,"Table 2, Fuel Properties (PDF p. 17)",primary-report,"The table heads this row ""Heat of Combustion (MJ/kg)"" without saying net or gross."
JP-8 / FT1 50:50 blend (AAFEX),fluids,fuel,"Fuel batch analysed for the NASA Alternative Aviation Fuel Experiment (2009); measured values of that batch, not specification limits",flash_C,43,degC,nasa-tm-2011-217059,"Table 2, Fuel Properties (PDF p. 17)",primary-report,
"Fischer-Tropsch SPK from coal, Sasol (AAFEX FT2)",fluids,fuel,"Fuel batch analysed for the NASA Alternative Aviation Fuel Experiment (2009); measured values of that batch, not specification limits",rho,0.763,specific gravity 60/60F,nasa-tm-2011-217059,"Table 2, Fuel Properties (PDF p. 17)",primary-report,"Specific gravity converted with the density of water at 60 F, 999.016 kg/m3."
"Fischer-Tropsch SPK from coal, Sasol (AAFEX FT2)",fluids,fuel,"Fuel batch analysed for the NASA Alternative Aviation Fuel Experiment (2009); measured values of that batch, not specification limits",LHV,44.1,MJ/kg,nasa-tm-2011-217059,"Table 2, Fuel Properties (PDF p. 17)",primary-report,"The table heads this row ""Heat of Combustion (MJ/kg)"" without saying net or gross."
"Fischer-Tropsch SPK from coal, Sasol (AAFEX FT2)",fluids,fuel,"Fuel batch analysed for the NASA Alternative Aviation Fuel Experiment (2009); measured values of that batch, not specification limits",flash_C,42,degC,nasa-tm-2011-217059,"Table 2, Fuel Properties (PDF p. 17)",primary-report,
JP-8 / FT2 50:50 blend (AAFEX),fluids,fuel,"Fuel batch analysed for the NASA Alternative Aviation Fuel Experiment (2009); measured values of that batch, not specification limits",rho,0.789,specific gravity 60/60F,nasa-tm-2011-217059,"Table 2, Fuel Properties (PDF p. 17)",primary-report,"Specific gravity converted with the density of water at 60 F, 999.016 kg/m3."
JP-8 / FT2 50:50 blend (AAFEX),fluids,fuel,"Fuel batch analysed for the NASA Alternative Aviation Fuel Experiment (2009); measured values of that batch, not specification limits",LHV,43.8,MJ/kg,nasa-tm-2011-217059,"Table 2, Fuel Properties (PDF p. 17)",primary-report,"The table heads this row ""Heat of Combustion (MJ/kg)"" without saying net or gross."
JP-8 / FT2 50:50 blend (AAFEX),fluids,fuel,"Fuel batch analysed for the NASA Alternative Aviation Fuel Experiment (2009); measured values of that batch, not specification limits",flash_C,46,degC,nasa-tm-2011-217059,"Table 2, Fuel Properties (PDF p. 17)",primary-report,
Molicel INR-21700-P42A (NMC/NCA 21700 cell),batteries,battery cell,"Cylindrical 21700 lithium-ion cell, typical capacity 4200 mAh, 70 g maximum",wh_kg,230,Wh/kg,molicel-inr21700-p42a,"Cell characteristics: energy density, gravimetric",datasheet,
Molicel INR-21700-P42A (NMC/NCA 21700 cell),batteries,battery cell,"Cylindrical 21700 lithium-ion cell, typical capacity 4200 mAh, 70 g maximum",v_nom,3.6,V,molicel-inr21700-p42a,"Cell characteristics: cell voltage, nominal",datasheet,
Molicel INR-21700-P42A (NMC/NCA 21700 cell),batteries,battery cell,"Cylindrical 21700 lithium-ion cell, typical capacity 4200 mAh, 70 g maximum",v_max,4.2,V,molicel-inr21700-p42a,"Cell characteristics: cell voltage, charge",datasheet,
Molicel INR-21700-P42A (NMC/NCA 21700 cell),batteries,battery cell,"Cylindrical 21700 lithium-ion cell, typical capacity 4200 mAh, 70 g maximum",v_min,2.5,V,molicel-inr21700-p42a,"Cell characteristics: cell voltage, discharge",datasheet,
Molicel INR-21700-P42A (NMC/NCA 21700 cell),batteries,battery cell,"Cylindrical 21700 lithium-ion cell, typical capacity 4200 mAh, 70 g maximum",r_mohm_ah,67.2,mOhm*Ah,molicel-inr21700-p42a,"Cell characteristics: typical impedance DC (10 A / 1 s) 16 mOhm, times typical capacity 4200 mAh",datasheet,Product of two printed values (16 mOhm x 4.2 Ah); the AC 1 kHz impedance is 10 mOhm.
